2379.2498,snn_pattern.csv,193012823,data/smile_data_set/input_700_250_25.pkl,data/smile_data_set/smile95.pkl,700-400-250,1e-09,10000,0.1,0.1,0.01
1702.7025,snn_pattern.csv,193012823,data/smile_data_set/input_700_250_25.pkl,data/smile_data_set/smile95.pkl,700-400-250,1e-09,10000,0.1,0.1,0.7100000000000001
2379.2498,snn_pattern.csv,193012823,data/smile_data_set/input_700_250_25.pkl,data/smile_data_set/smile95.pkl,700-400-250,1e-09,10000,0.1,0.1,0.01
2001.3596,snn_pattern.csv,193012823,data/smile_data_set/input_700_250_25.pkl,data/smile_data_set/smile95.pkl,700-400-250,1e-09,10000,0.1,0.1,0.51
2058.9995,snn_pattern.csv,193012823,data/smile_data_set/input_700_250_25.pkl,data/smile_data_set/smile95.pkl,700-400-250,1e-09,10000,0.1,0.1,0.46
2277.0024,snn_pattern.csv,193012823,data/smile_data_set/input_700_250_25.pkl,data/smile_data_set/smile95.pkl,700-400-250,1e-09,10000,0.1,0.1,0.21000000000000002
1474.2981,snn_pattern.csv,193012823,data/smile_data_set/input_700_250_25.pkl,data/smile_data_set/smile95.pkl,700-400-250,1e-09,10000,0.1,0.1,0.8600000000000001
2248.8948,snn_pattern.csv,193012823,data/smile_data_set/input_700_250_25.pkl,data/smile_data_set/smile95.pkl,700-400-250,1e-09,10000,0.1,0.1,0.26
2113.5754,snn_pattern.csv,193012823,data/smile_data_set/input_700_250_25.pkl,data/smile_data_set/smile95.pkl,700-400-250,1e-09,10000,0.1,0.1,0.41000000000000003
2365.4932,snn_pattern.csv,193012823,data/smile_data_set/input_700_250_25.pkl,data/smile_data_set/smile95.pkl,700-400-250,1e-09,10000,0.1,0.1,0.060000000000000005
2165.8145,snn_pattern.csv,193012823,data/smile_data_set/input_700_250_25.pkl,data/smile_data_set/smile95.pkl,700-400-250,1e-09,10000,0.1,0.1,0.36000000000000004
1848.4603,snn_pattern.csv,193012823,data/smile_data_set/input_700_250_25.pkl,data/smile_data_set/smile95.pkl,700-400-250,1e-09,10000,0.1,0.1,0.6100000000000001
1618.2031,snn_pattern.csv,193012823,data/smile_data_set/input_700_250_25.pkl,data/smile_data_set/smile95.pkl,700-400-250,1e-09,10000,0.1,0.1,0.76
2311.0254,snn_pattern.csv,193012823,data/smile_data_set/input_700_250_25.pkl,data/smile_data_set/smile95.pkl,700-400-250,1e-09,10000,0.1,0.1,0.16000000000000003
2207.7542,snn_pattern.csv,193012823,data/smile_data_set/input_700_250_25.pkl,data/smile_data_set/smile95.pkl,700-400-250,1e-09,10000,0.1,0.1,0.31000000000000005
1778.7551,snn_pattern.csv,193012823,data/smile_data_set/input_700_250_25.pkl,data/smile_data_set/smile95.pkl,700-400-250,1e-09,10000,0.1,0.1,0.66
1935.7357,snn_pattern.csv,193012823,data/smile_data_set/input_700_250_25.pkl,data/smile_data_set/smile95.pkl,700-400-250,1e-09,10000,0.1,0.1,0.56
1534.0908,snn_pattern.csv,193012823,data/smile_data_set/input_700_250_25.pkl,data/smile_data_set/smile95.pkl,700-400-250,1e-09,10000,0.1,0.1,0.81
2337.0378,snn_pattern.csv,193012823,data/smile_data_set/input_700_250_25.pkl,data/smile_data_set/smile95.pkl,700-400-250,1e-09,10000,0.1,0.1,0.11
1382.7019,snn_pattern.csv,193012823,data/smile_data_set/input_700_250_25.pkl,data/smile_data_set/smile95.pkl,700-400-250,1e-09,10000,0.1,0.1,0.9600000000000001
2457.396,snn_pattern.csv,193012823,data/smile_data_set/input_700_250_25.pkl,data/smile_data_set/smile95.pkl,700-400-250,1e-09,10000,0.1,0.15000000000000002,0.01
1423.6909,snn_pattern.csv,193012823,data/smile_data_set/input_700_250_25.pkl,data/smile_data_set/smile95.pkl,700-400-250,1e-09,10000,0.1,0.1,0.91
2439.9119,snn_pattern.csv,193012823,data/smile_data_set/input_700_250_25.pkl,data/smile_data_set/smile95.pkl,700-400-250,1e-09,10000,0.1,0.15000000000000002,0.060000000000000005
2408.797,snn_pattern.csv,193012823,data/smile_data_set/input_700_250_25.pkl,data/smile_data_set/smile95.pkl,700-400-250,1e-09,10000,0.1,0.15000000000000002,0.11
1356.0538,snn_pattern.csv,193012823,data/smile_data_set/input_700_250_25.pkl,data/smile_data_set/smile95.pkl,700-400-250,1e-09,10000,0.1,0.1,1.01
2383.6343,snn_pattern.csv,193012823,data/smile_data_set/input_700_250_25.pkl,data/smile_data_set/smile95.pkl,700-400-250,1e-09,10000,0.1,0.15000000000000002,0.16000000000000003
2233.1594,snn_pattern.csv,193012823,data/smile_data_set/input_700_250_25.pkl,data/smile_data_set/smile95.pkl,700-400-250,1e-09,10000,0.1,0.15000000000000002,0.36000000000000004
2276.1155,snn_pattern.csv,193012823,data/smile_data_set/input_700_250_25.pkl,data/smile_data_set/smile95.pkl,700-400-250,1e-09,10000,0.1,0.15000000000000002,0.31000000000000005
2317.3047,snn_pattern.csv,193012823,data/smile_data_set/input_700_250_25.pkl,data/smile_data_set/smile95.pkl,700-400-250,1e-09,10000,0.1,0.15000000000000002,0.26
2346.9993,snn_pattern.csv,193012823,data/smile_data_set/input_700_250_25.pkl,data/smile_data_set/smile95.pkl,700-400-250,1e-09,10000,0.1,0.15000000000000002,0.21000000000000002
2120.9546,snn_pattern.csv,193012823,data/smile_data_set/input_700_250_25.pkl,data/smile_data_set/smile95.pkl,700-400-250,1e-09,10000,0.1,0.15000000000000002,0.46
2176.621,snn_pattern.csv,193012823,data/smile_data_set/input_700_250_25.pkl,data/smile_data_set/smile95.pkl,700-400-250,1e-09,10000,0.1,0.15000000000000002,0.41000000000000003
2058.136,snn_pattern.csv,193012823,data/smile_data_set/input_700_250_25.pkl,data/smile_data_set/smile95.pkl,700-400-250,1e-09,10000,0.1,0.15000000000000002,0.51
1992.5322,snn_pattern.csv,193012823,data/smile_data_set/input_700_250_25.pkl,data/smile_data_set/smile95.pkl,700-400-250,1e-09,10000,0.1,0.15000000000000002,0.56
1903.6681,snn_pattern.csv,193012823,data/smile_data_set/input_700_250_25.pkl,data/smile_data_set/smile95.pkl,700-400-250,1e-09,10000,0.1,0.15000000000000002,0.6100000000000001
1834.6115,snn_pattern.csv,193012823,data/smile_data_set/input_700_250_25.pkl,data/smile_data_set/smile95.pkl,700-400-250,1e-09,10000,0.1,0.15000000000000002,0.66
1759.4121,snn_pattern.csv,193012823,data/smile_data_set/input_700_250_25.pkl,data/smile_data_set/smile95.pkl,700-400-250,1e-09,10000,0.1,0.15000000000000002,0.7100000000000001
1674.5962,snn_pattern.csv,193012823,data/smile_data_set/input_700_250_25.pkl,data/smile_data_set/smile95.pkl,700-400-250,1e-09,10000,0.1,0.15000000000000002,0.76
1448.4066,snn_pattern.csv,193012823,data/smile_data_set/input_700_250_25.pkl,data/smile_data_set/smile95.pkl,700-400-250,1e-09,10000,0.1,0.15000000000000002,0.9600000000000001
1535.386,snn_pattern.csv,193012823,data/smile_data_set/input_700_250_25.pkl,data/smile_data_set/smile95.pkl,700-400-250,1e-09,10000,0.1,0.15000000000000002,0.8600000000000001
1423.6964,snn_pattern.csv,193012823,data/smile_data_set/input_700_250_25.pkl,data/smile_data_set/smile95.pkl,700-400-250,1e-09,10000,0.1,0.15000000000000002,1.01
1593.679,snn_pattern.csv,193012823,data/smile_data_set/input_700_250_25.pkl,data/smile_data_set/smile95.pkl,700-400-250,1e-09,10000,0.1,0.15000000000000002,0.81
1487.5725,snn_pattern.csv,193012823,data/smile_data_set/input_700_250_25.pkl,data/smile_data_set/smile95.pkl,700-400-250,1e-09,10000,0.1,0.15000000000000002,0.91
2542.7095,snn_pattern.csv,193012823,data/smile_data_set/input_700_250_25.pkl,data/smile_data_set/smile95.pkl,700-400-250,1e-09,10000,0.1,0.20000000000000004,0.01
2494.2192,snn_pattern.csv,193012823,data/smile_data_set/input_700_250_25.pkl,data/smile_data_set/smile95.pkl,700-400-250,1e-09,10000,0.1,0.20000000000000004,0.11
2464.4944,snn_pattern.csv,193012823,data/smile_data_set/input_700_250_25.pkl,data/smile_data_set/smile95.pkl,700-400-250,1e-09,10000,0.1,0.20000000000000004,0.16000000000000003
2525.947,snn_pattern.csv,193012823,data/smile_data_set/input_700_250_25.pkl,data/smile_data_set/smile95.pkl,700-400-250,1e-09,10000,0.1,0.20000000000000004,0.060000000000000005
2429.3406,snn_pattern.csv,193012823,data/smile_data_set/input_700_250_25.pkl,data/smile_data_set/smile95.pkl,700-400-250,1e-09,10000,0.1,0.20000000000000004,0.21000000000000002
2354.93,snn_pattern.csv,193012823,data/smile_data_set/input_700_250_25.pkl,data/smile_data_set/smile95.pkl,700-400-250,1e-09,10000,0.1,0.20000000000000004,0.31000000000000005
2397.3428,snn_pattern.csv,193012823,data/smile_data_set/input_700_250_25.pkl,data/smile_data_set/smile95.pkl,700-400-250,1e-09,10000,0.1,0.20000000000000004,0.26
2306.5203,snn_pattern.csv,193012823,data/smile_data_set/input_700_250_25.pkl,data/smile_data_set/smile95.pkl,700-400-250,1e-09,10000,0.1,0.20000000000000004,0.36000000000000004
2251.1846,snn_pattern.csv,193012823,data/smile_data_set/input_700_250_25.pkl,data/smile_data_set/smile95.pkl,700-400-250,1e-09,10000,0.1,0.20000000000000004,0.41000000000000003
2126.097,snn_pattern.csv,193012823,data/smile_data_set/input_700_250_25.pkl,data/smile_data_set/smile95.pkl,700-400-250,1e-09,10000,0.1,0.20000000000000004,0.51
2188.7036,snn_pattern.csv,193012823,data/smile_data_set/input_700_250_25.pkl,data/smile_data_set/smile95.pkl,700-400-250,1e-09,10000,0.1,0.20000000000000004,0.46
2059.0342,snn_pattern.csv,193012823,data/smile_data_set/input_700_250_25.pkl,data/smile_data_set/smile95.pkl,700-400-250,1e-09,10000,0.1,0.20000000000000004,0.56
1969.1035,snn_pattern.csv,193012823,data/smile_data_set/input_700_250_25.pkl,data/smile_data_set/smile95.pkl,700-400-250,1e-09,10000,0.1,0.20000000000000004,0.6100000000000001
1604.9796,snn_pattern.csv,193012823,data/smile_data_set/input_700_250_25.pkl,data/smile_data_set/smile95.pkl,700-400-250,1e-09,10000,0.1,0.20000000000000004,0.8600000000000001
1898.266,snn_pattern.csv,193012823,data/smile_data_set/input_700_250_25.pkl,data/smile_data_set/smile95.pkl,700-400-250,1e-09,10000,0.1,0.20000000000000004,0.66
1661.3523,snn_pattern.csv,193012823,data/smile_data_set/input_700_250_25.pkl,data/smile_data_set/smile95.pkl,700-400-250,1e-09,10000,0.1,0.20000000000000004,0.81
1823.4348,snn_pattern.csv,193012823,data/smile_data_set/input_700_250_25.pkl,data/smile_data_set/smile95.pkl,700-400-250,1e-09,10000,0.1,0.20000000000000004,0.7100000000000001
1740.3993,snn_pattern.csv,193012823,data/smile_data_set/input_700_250_25.pkl,data/smile_data_set/smile95.pkl,700-400-250,1e-09,10000,0.1,0.20000000000000004,0.76
1559.2466,snn_pattern.csv,193012823,data/smile_data_set/input_700_250_25.pkl,data/smile_data_set/smile95.pkl,700-400-250,1e-09,10000,0.1,0.20000000000000004,0.91
1500.0729,snn_pattern.csv,193012823,data/smile_data_set/input_700_250_25.pkl,data/smile_data_set/smile95.pkl,700-400-250,1e-09,10000,0.1,0.20000000000000004,1.01
2640.396,snn_pattern.csv,193012823,data/smile_data_set/input_700_250_25.pkl,data/smile_data_set/smile95.pkl,700-400-250,1e-09,10000,0.1,0.25000000000000006,0.01
2591.2043,snn_pattern.csv,193012823,data/smile_data_set/input_700_250_25.pkl,data/smile_data_set/smile95.pkl,700-400-250,1e-09,10000,0.1,0.25000000000000006,0.11
2622.815,snn_pattern.csv,193012823,data/smile_data_set/input_700_250_25.pkl,data/smile_data_set/smile95.pkl,700-400-250,1e-09,10000,0.1,0.25000000000000006,0.060000000000000005
1522.685,snn_pattern.csv,193012823,data/smile_data_set/input_700_250_25.pkl,data/smile_data_set/smile95.pkl,700-400-250,1e-09,10000,0.1,0.20000000000000004,0.9600000000000001
2555.438,snn_pattern.csv,193012823,data/smile_data_set/input_700_250_25.pkl,data/smile_data_set/smile95.pkl,700-400-250,1e-09,10000,0.1,0.25000000000000006,0.16000000000000003
2491.844,snn_pattern.csv,193012823,data/smile_data_set/input_700_250_25.pkl,data/smile_data_set/smile95.pkl,700-400-250,1e-09,10000,0.1,0.25000000000000006,0.26
2444.3293,snn_pattern.csv,193012823,data/smile_data_set/input_700_250_25.pkl,data/smile_data_set/smile95.pkl,700-400-250,1e-09,10000,0.1,0.25000000000000006,0.31000000000000005
2519.8933,snn_pattern.csv,193012823,data/smile_data_set/input_700_250_25.pkl,data/smile_data_set/smile95.pkl,700-400-250,1e-09,10000,0.1,0.25000000000000006,0.21000000000000002
2396.741,snn_pattern.csv,193012823,data/smile_data_set/input_700_250_25.pkl,data/smile_data_set/smile95.pkl,700-400-250,1e-09,10000,0.1,0.25000000000000006,0.36000000000000004
2334.2502,snn_pattern.csv,193012823,data/smile_data_set/input_700_250_25.pkl,data/smile_data_set/smile95.pkl,700-400-250,1e-09,10000,0.1,0.25000000000000006,0.41000000000000003
2272.008,snn_pattern.csv,193012823,data/smile_data_set/input_700_250_25.pkl,data/smile_data_set/smile95.pkl,700-400-250,1e-09,10000,0.1,0.25000000000000006,0.46
2135.8545,snn_pattern.csv,193012823,data/smile_data_set/input_700_250_25.pkl,data/smile_data_set/smile95.pkl,700-400-250,1e-09,10000,0.1,0.25000000000000006,0.56
2205.6243,snn_pattern.csv,193012823,data/smile_data_set/input_700_250_25.pkl,data/smile_data_set/smile95.pkl,700-400-250,1e-09,10000,0.1,0.25000000000000006,0.51
1972.35,snn_pattern.csv,193012823,data/smile_data_set/input_700_250_25.pkl,data/smile_data_set/smile95.pkl,700-400-250,1e-09,10000,0.1,0.25000000000000006,0.66
2043.4419,snn_pattern.csv,193012823,data/smile_data_set/input_700_250_25.pkl,data/smile_data_set/smile95.pkl,700-400-250,1e-09,10000,0.1,0.25000000000000006,0.6100000000000001
1899.2944,snn_pattern.csv,193012823,data/smile_data_set/input_700_250_25.pkl,data/smile_data_set/smile95.pkl,700-400-250,1e-09,10000,0.1,0.25000000000000006,0.7100000000000001
1815.6434,snn_pattern.csv,193012823,data/smile_data_set/input_700_250_25.pkl,data/smile_data_set/smile95.pkl,700-400-250,1e-09,10000,0.1,0.25000000000000006,0.76
1640.9502,snn_pattern.csv,193012823,data/smile_data_set/input_700_250_25.pkl,data/smile_data_set/smile95.pkl,700-400-250,1e-09,10000,0.1,0.25000000000000006,0.91
1738.087,snn_pattern.csv,193012823,data/smile_data_set/input_700_250_25.pkl,data/smile_data_set/smile95.pkl,700-400-250,1e-09,10000,0.1,0.25000000000000006,0.81
1684.5457,snn_pattern.csv,193012823,data/smile_data_set/input_700_250_25.pkl,data/smile_data_set/smile95.pkl,700-400-250,1e-09,10000,0.1,0.25000000000000006,0.8600000000000001
2752.7444,snn_pattern.csv,193012823,data/smile_data_set/input_700_250_25.pkl,data/smile_data_set/smile95.pkl,700-400-250,1e-09,10000,0.1,0.30000000000000004,0.01
1607.3484,snn_pattern.csv,193012823,data/smile_data_set/input_700_250_25.pkl,data/smile_data_set/smile95.pkl,700-400-250,1e-09,10000,0.1,0.25000000000000006,0.9600000000000001
2596.5366,snn_pattern.csv,193012823,data/smile_data_set/input_700_250_25.pkl,data/smile_data_set/smile95.pkl,700-400-250,1e-09,10000,0.1,0.30000000000000004,0.26
2664.1375,snn_pattern.csv,193012823,data/smile_data_set/input_700_250_25.pkl,data/smile_data_set/smile95.pkl,700-400-250,1e-09,10000,0.1,0.30000000000000004,0.16000000000000003
2733.958,snn_pattern.csv,193012823,data/smile_data_set/input_700_250_25.pkl,data/smile_data_set/smile95.pkl,700-400-250,1e-09,10000,0.1,0.30000000000000004,0.060000000000000005
2623.7373,snn_pattern.csv,193012823,data/smile_data_set/input_700_250_25.pkl,data/smile_data_set/smile95.pkl,700-400-250,1e-09,10000,0.1,0.30000000000000004,0.21000000000000002
2697.664,snn_pattern.csv,193012823,data/smile_data_set/input_700_250_25.pkl,data/smile_data_set/smile95.pkl,700-400-250,1e-09,10000,0.1,0.30000000000000004,0.11
1586.1996,snn_pattern.csv,193012823,data/smile_data_set/input_700_250_25.pkl,data/smile_data_set/smile95.pkl,700-400-250,1e-09,10000,0.1,0.25000000000000006,1.01
2545.5945,snn_pattern.csv,193012823,data/smile_data_set/input_700_250_25.pkl,data/smile_data_set/smile95.pkl,700-400-250,1e-09,10000,0.1,0.30000000000000004,0.31000000000000005
2499.2092,snn_pattern.csv,193012823,data/smile_data_set/input_700_250_25.pkl,data/smile_data_set/smile95.pkl,700-400-250,1e-09,10000,0.1,0.30000000000000004,0.36000000000000004
2435.4307,snn_pattern.csv,193012823,data/smile_data_set/input_700_250_25.pkl,data/smile_data_set/smile95.pkl,700-400-250,1e-09,10000,0.1,0.30000000000000004,0.41000000000000003
2369.3713,snn_pattern.csv,193012823,data/smile_data_set/input_700_250_25.pkl,data/smile_data_set/smile95.pkl,700-400-250,1e-09,10000,0.1,0.30000000000000004,0.46
2227.908,snn_pattern.csv,193012823,data/smile_data_set/input_700_250_25.pkl,data/smile_data_set/smile95.pkl,700-400-250,1e-09,10000,0.1,0.30000000000000004,0.56
2299.453,snn_pattern.csv,193012823,data/smile_data_set/input_700_250_25.pkl,data/smile_data_set/smile95.pkl,700-400-250,1e-09,10000,0.1,0.30000000000000004,0.51
2135.5122,snn_pattern.csv,193012823,data/smile_data_set/input_700_250_25.pkl,data/smile_data_set/smile95.pkl,700-400-250,1e-09,10000,0.1,0.30000000000000004,0.6100000000000001
2786.8818,snn_pattern.csv,193012823,data/smile_data_set/input_700_250_25.pkl,data/smile_data_set/smile95.pkl,700-400-250,1e-09,10000,0.1,0.3500000000000001,0.16000000000000003
1987.8403,snn_pattern.csv,193012823,data/smile_data_set/input_700_250_25.pkl,data/smile_data_set/smile95.pkl,700-400-250,1e-09,10000,0.1,0.30000000000000004,0.7100000000000001
1735.0104,snn_pattern.csv,193012823,data/smile_data_set/input_700_250_25.pkl,data/smile_data_set/smile95.pkl,700-400-250,1e-09,10000,0.1,0.30000000000000004,0.91
2748.281,snn_pattern.csv,193012823,data/smile_data_set/input_700_250_25.pkl,data/smile_data_set/smile95.pkl,700-400-250,1e-09,10000,0.1,0.3500000000000001,0.21000000000000002
2062.775,snn_pattern.csv,193012823,data/smile_data_set/input_700_250_25.pkl,data/smile_data_set/smile95.pkl,700-400-250,1e-09,10000,0.1,0.30000000000000004,0.66
1827.5195,snn_pattern.csv,193012823,data/smile_data_set/input_700_250_25.pkl,data/smile_data_set/smile95.pkl,700-400-250,1e-09,10000,0.1,0.30000000000000004,0.81
2662.6284,snn_pattern.csv,193012823,data/smile_data_set/input_700_250_25.pkl,data/smile_data_set/smile95.pkl,700-400-250,1e-09,10000,0.1,0.3500000000000001,0.31000000000000005
1684.4545,snn_pattern.csv,193012823,data/smile_data_set/input_700_250_25.pkl,data/smile_data_set/smile95.pkl,700-400-250,1e-09,10000,0.1,0.30000000000000004,1.01
1904.1455,snn_pattern.csv,193012823,data/smile_data_set/input_700_250_25.pkl,data/smile_data_set/smile95.pkl,700-400-250,1e-09,10000,0.1,0.30000000000000004,0.76
1776.5652,snn_pattern.csv,193012823,data/smile_data_set/input_700_250_25.pkl,data/smile_data_set/smile95.pkl,700-400-250,1e-09,10000,0.1,0.30000000000000004,0.8600000000000001
2715.55,snn_pattern.csv,193012823,data/smile_data_set/input_700_250_25.pkl,data/smile_data_set/smile95.pkl,700-400-250,1e-09,10000,0.1,0.3500000000000001,0.26
2875.2385,snn_pattern.csv,193012823,data/smile_data_set/input_700_250_25.pkl,data/smile_data_set/smile95.pkl,700-400-250,1e-09,10000,0.1,0.3500000000000001,0.01
1704.0615,snn_pattern.csv,193012823,data/smile_data_set/input_700_250_25.pkl,data/smile_data_set/smile95.pkl,700-400-250,1e-09,10000,0.1,0.30000000000000004,0.9600000000000001
2548.3857,snn_pattern.csv,193012823,data/smile_data_set/input_700_250_25.pkl,data/smile_data_set/smile95.pkl,700-400-250,1e-09,10000,0.1,0.3500000000000001,0.41000000000000003
2614.303,snn_pattern.csv,193012823,data/smile_data_set/input_700_250_25.pkl,data/smile_data_set/smile95.pkl,700-400-250,1e-09,10000,0.1,0.3500000000000001,0.36000000000000004
2862.179,snn_pattern.csv,193012823,data/smile_data_set/input_700_250_25.pkl,data/smile_data_set/smile95.pkl,700-400-250,1e-09,10000,0.1,0.3500000000000001,0.060000000000000005
2824.7605,snn_pattern.csv,193012823,data/smile_data_set/input_700_250_25.pkl,data/smile_data_set/smile95.pkl,700-400-250,1e-09,10000,0.1,0.3500000000000001,0.11
2481.819,snn_pattern.csv,193012823,data/smile_data_set/input_700_250_25.pkl,data/smile_data_set/smile95.pkl,700-400-250,1e-09,10000,0.1,0.3500000000000001,0.46
2407.0312,snn_pattern.csv,193012823,data/smile_data_set/input_700_250_25.pkl,data/smile_data_set/smile95.pkl,700-400-250,1e-09,10000,0.1,0.3500000000000001,0.51
1931.4309,snn_pattern.csv,193012823,data/smile_data_set/input_700_250_25.pkl,data/smile_data_set/smile95.pkl,700-400-250,1e-09,10000,0.1,0.3500000000000001,0.81
2165.2742,snn_pattern.csv,193012823,data/smile_data_set/input_700_250_25.pkl,data/smile_data_set/smile95.pkl,700-400-250,1e-09,10000,0.1,0.3500000000000001,0.66
1797.6632,snn_pattern.csv,193012823,data/smile_data_set/input_700_250_25.pkl,data/smile_data_set/smile95.pkl,700-400-250,1e-09,10000,0.1,0.3500000000000001,1.01
2963.5012,snn_pattern.csv,193012823,data/smile_data_set/input_700_250_25.pkl,data/smile_data_set/smile95.pkl,700-400-250,1e-09,10000,0.1,0.40000000000000013,0.11
2240.7666,snn_pattern.csv,193012823,data/smile_data_set/input_700_250_25.pkl,data/smile_data_set/smile95.pkl,700-400-250,1e-09,10000,0.1,0.3500000000000001,0.6100000000000001
2928.2852,snn_pattern.csv,193012823,data/smile_data_set/input_700_250_25.pkl,data/smile_data_set/smile95.pkl,700-400-250,1e-09,10000,0.1,0.40000000000000013,0.16000000000000003
2332.984,snn_pattern.csv,193012823,data/smile_data_set/input_700_250_25.pkl,data/smile_data_set/smile95.pkl,700-400-250,1e-09,10000,0.1,0.3500000000000001,0.56
1843.78,snn_pattern.csv,193012823,data/smile_data_set/input_700_250_25.pkl,data/smile_data_set/smile95.pkl,700-400-250,1e-09,10000,0.1,0.3500000000000001,0.91
2090.183,snn_pattern.csv,193012823,data/smile_data_set/input_700_250_25.pkl,data/smile_data_set/smile95.pkl,700-400-250,1e-09,10000,0.1,0.3500000000000001,0.7100000000000001
1880.8444,snn_pattern.csv,193012823,data/smile_data_set/input_700_250_25.pkl,data/smile_data_set/smile95.pkl,700-400-250,1e-09,10000,0.1,0.3500000000000001,0.8600000000000001
2004.5886,snn_pattern.csv,193012823,data/smile_data_set/input_700_250_25.pkl,data/smile_data_set/smile95.pkl,700-400-250,1e-09,10000,0.1,0.3500000000000001,0.76
1815.2888,snn_pattern.csv,193012823,data/smile_data_set/input_700_250_25.pkl,data/smile_data_set/smile95.pkl,700-400-250,1e-09,10000,0.1,0.3500000000000001,0.9600000000000001
2889.319,snn_pattern.csv,193012823,data/smile_data_set/input_700_250_25.pkl,data/smile_data_set/smile95.pkl,700-400-250,1e-09,10000,0.1,0.40000000000000013,0.21000000000000002
3015.6746,snn_pattern.csv,193012823,data/smile_data_set/input_700_250_25.pkl,data/smile_data_set/smile95.pkl,700-400-250,1e-09,10000,0.1,0.40000000000000013,0.01
2999.8062,snn_pattern.csv,193012823,data/smile_data_set/input_700_250_25.pkl,data/smile_data_set/smile95.pkl,700-400-250,1e-09,10000,0.1,0.40000000000000013,0.060000000000000005
2800.9795,snn_pattern.csv,193012823,data/smile_data_set/input_700_250_25.pkl,data/smile_data_set/smile95.pkl,700-400-250,1e-09,10000,0.1,0.40000000000000013,0.31000000000000005
2855.4712,snn_pattern.csv,193012823,data/smile_data_set/input_700_250_25.pkl,data/smile_data_set/smile95.pkl,700-400-250,1e-09,10000,0.1,0.40000000000000013,0.26
2748.5977,snn_pattern.csv,193012823,data/smile_data_set/input_700_250_25.pkl,data/smile_data_set/smile95.pkl,700-400-250,1e-09,10000,0.1,0.40000000000000013,0.36000000000000004
2614.229,snn_pattern.csv,193012823,data/smile_data_set/input_700_250_25.pkl,data/smile_data_set/smile95.pkl,700-400-250,1e-09,10000,0.1,0.40000000000000013,0.46
2682.0713,snn_pattern.csv,193012823,data/smile_data_set/input_700_250_25.pkl,data/smile_data_set/smile95.pkl,700-400-250,1e-09,10000,0.1,0.40000000000000013,0.41000000000000003
2452.9922,snn_pattern.csv,193012823,data/smile_data_set/input_700_250_25.pkl,data/smile_data_set/smile95.pkl,700-400-250,1e-09,10000,0.1,0.40000000000000013,0.56
2534.379,snn_pattern.csv,193012823,data/smile_data_set/input_700_250_25.pkl,data/smile_data_set/smile95.pkl,700-400-250,1e-09,10000,0.1,0.40000000000000013,0.51
2287.849,snn_pattern.csv,193012823,data/smile_data_set/input_700_250_25.pkl,data/smile_data_set/smile95.pkl,700-400-250,1e-09,10000,0.1,0.40000000000000013,0.66
2366.5273,snn_pattern.csv,193012823,data/smile_data_set/input_700_250_25.pkl,data/smile_data_set/smile95.pkl,700-400-250,1e-09,10000,0.1,0.40000000000000013,0.6100000000000001
3126.753,snn_pattern.csv,193012823,data/smile_data_set/input_700_250_25.pkl,data/smile_data_set/smile95.pkl,700-400-250,1e-09,10000,0.1,0.45000000000000007,0.11
2210.0647,snn_pattern.csv,193012823,data/smile_data_set/input_700_250_25.pkl,data/smile_data_set/smile95.pkl,700-400-250,1e-09,10000,0.1,0.40000000000000013,0.7100000000000001
2124.1177,snn_pattern.csv,193012823,data/smile_data_set/input_700_250_25.pkl,data/smile_data_set/smile95.pkl,700-400-250,1e-09,10000,0.1,0.40000000000000013,0.76
1970.1345,snn_pattern.csv,193012823,data/smile_data_set/input_700_250_25.pkl,data/smile_data_set/smile95.pkl,700-400-250,1e-09,10000,0.1,0.40000000000000013,0.91
2052.1284,snn_pattern.csv,193012823,data/smile_data_set/input_700_250_25.pkl,data/smile_data_set/smile95.pkl,700-400-250,1e-09,10000,0.1,0.40000000000000013,0.81
1945.0359,snn_pattern.csv,193012823,data/smile_data_set/input_700_250_25.pkl,data/smile_data_set/smile95.pkl,700-400-250,1e-09,10000,0.1,0.40000000000000013,0.9600000000000001
2004.7137,snn_pattern.csv,193012823,data/smile_data_set/input_700_250_25.pkl,data/smile_data_set/smile95.pkl,700-400-250,1e-09,10000,0.1,0.40000000000000013,0.8600000000000001
3182.633,snn_pattern.csv,193012823,data/smile_data_set/input_700_250_25.pkl,data/smile_data_set/smile95.pkl,700-400-250,1e-09,10000,0.1,0.45000000000000007,0.01
1929.0696,snn_pattern.csv,193012823,data/smile_data_set/input_700_250_25.pkl,data/smile_data_set/smile95.pkl,700-400-250,1e-09,10000,0.1,0.40000000000000013,1.01
3161.5474,snn_pattern.csv,193012823,data/smile_data_set/input_700_250_25.pkl,data/smile_data_set/smile95.pkl,700-400-250,1e-09,10000,0.1,0.45000000000000007,0.060000000000000005
3086.5315,snn_pattern.csv,193012823,data/smile_data_set/input_700_250_25.pkl,data/smile_data_set/smile95.pkl,700-400-250,1e-09,10000,0.1,0.45000000000000007,0.16000000000000003
3052.4045,snn_pattern.csv,193012823,data/smile_data_set/input_700_250_25.pkl,data/smile_data_set/smile95.pkl,700-400-250,1e-09,10000,0.1,0.45000000000000007,0.21000000000000002
3014.5864,snn_pattern.csv,193012823,data/smile_data_set/input_700_250_25.pkl,data/smile_data_set/smile95.pkl,700-400-250,1e-09,10000,0.1,0.45000000000000007,0.26
2965.73,snn_pattern.csv,193012823,data/smile_data_set/input_700_250_25.pkl,data/smile_data_set/smile95.pkl,700-400-250,1e-09,10000,0.1,0.45000000000000007,0.31000000000000005
2908.611,snn_pattern.csv,193012823,data/smile_data_set/input_700_250_25.pkl,data/smile_data_set/smile95.pkl,700-400-250,1e-09,10000,0.1,0.45000000000000007,0.36000000000000004
2839.3809,snn_pattern.csv,193012823,data/smile_data_set/input_700_250_25.pkl,data/smile_data_set/smile95.pkl,700-400-250,1e-09,10000,0.1,0.45000000000000007,0.41000000000000003
2766.1619,snn_pattern.csv,193012823,data/smile_data_set/input_700_250_25.pkl,data/smile_data_set/smile95.pkl,700-400-250,1e-09,10000,0.1,0.45000000000000007,0.46
2598.4292,snn_pattern.csv,193012823,data/smile_data_set/input_700_250_25.pkl,data/smile_data_set/smile95.pkl,700-400-250,1e-09,10000,0.1,0.45000000000000007,0.56
2682.7275,snn_pattern.csv,193012823,data/smile_data_set/input_700_250_25.pkl,data/smile_data_set/smile95.pkl,700-400-250,1e-09,10000,0.1,0.45000000000000007,0.51
2513.3118,snn_pattern.csv,193012823,data/smile_data_set/input_700_250_25.pkl,data/smile_data_set/smile95.pkl,700-400-250,1e-09,10000,0.1,0.45000000000000007,0.6100000000000001
2431.5676,snn_pattern.csv,193012823,data/smile_data_set/input_700_250_25.pkl,data/smile_data_set/smile95.pkl,700-400-250,1e-09,10000,0.1,0.45000000000000007,0.66
2193.3735,snn_pattern.csv,193012823,data/smile_data_set/input_700_250_25.pkl,data/smile_data_set/smile95.pkl,700-400-250,1e-09,10000,0.1,0.45000000000000007,0.81
2352.1785,snn_pattern.csv,193012823,data/smile_data_set/input_700_250_25.pkl,data/smile_data_set/smile95.pkl,700-400-250,1e-09,10000,0.1,0.45000000000000007,0.7100000000000001
2150.456,snn_pattern.csv,193012823,data/smile_data_set/input_700_250_25.pkl,data/smile_data_set/smile95.pkl,700-400-250,1e-09,10000,0.1,0.45000000000000007,0.8600000000000001
2265.9197,snn_pattern.csv,193012823,data/smile_data_set/input_700_250_25.pkl,data/smile_data_set/smile95.pkl,700-400-250,1e-09,10000,0.1,0.45000000000000007,0.76
2096.229,snn_pattern.csv,193012823,data/smile_data_set/input_700_250_25.pkl,data/smile_data_set/smile95.pkl,700-400-250,1e-09,10000,0.1,0.45000000000000007,0.9600000000000001
2119.049,snn_pattern.csv,193012823,data/smile_data_set/input_700_250_25.pkl,data/smile_data_set/smile95.pkl,700-400-250,1e-09,10000,0.1,0.45000000000000007,0.91
2082.9675,snn_pattern.csv,193012823,data/smile_data_set/input_700_250_25.pkl,data/smile_data_set/smile95.pkl,700-400-250,1e-09,10000,0.1,0.45000000000000007,1.01
3372.69,snn_pattern.csv,193012823,data/smile_data_set/input_700_250_25.pkl,data/smile_data_set/smile95.pkl,700-400-250,1e-09,10000,0.1,0.5000000000000001,0.01
3348.1782,snn_pattern.csv,193012823,data/smile_data_set/input_700_250_25.pkl,data/smile_data_set/smile95.pkl,700-400-250,1e-09,10000,0.1,0.5000000000000001,0.060000000000000005
3313.64,snn_pattern.csv,193012823,data/smile_data_set/input_700_250_25.pkl,data/smile_data_set/smile95.pkl,700-400-250,1e-09,10000,0.1,0.5000000000000001,0.11
3277.718,snn_pattern.csv,193012823,data/smile_data_set/input_700_250_25.pkl,data/smile_data_set/smile95.pkl,700-400-250,1e-09,10000,0.1,0.5000000000000001,0.16000000000000003
3212.5842,snn_pattern.csv,193012823,data/smile_data_set/input_700_250_25.pkl,data/smile_data_set/smile95.pkl,700-400-250,1e-09,10000,0.1,0.5000000000000001,0.26
3241.053,snn_pattern.csv,193012823,data/smile_data_set/input_700_250_25.pkl,data/smile_data_set/smile95.pkl,700-400-250,1e-09,10000,0.1,0.5000000000000001,0.21000000000000002
3159.8975,snn_pattern.csv,193012823,data/smile_data_set/input_700_250_25.pkl,data/smile_data_set/smile95.pkl,700-400-250,1e-09,10000,0.1,0.5000000000000001,0.31000000000000005
3092.8782,snn_pattern.csv,193012823,data/smile_data_set/input_700_250_25.pkl,data/smile_data_set/smile95.pkl,700-400-250,1e-09,10000,0.1,0.5000000000000001,0.36000000000000004
3021.288,snn_pattern.csv,193012823,data/smile_data_set/input_700_250_25.pkl,data/smile_data_set/smile95.pkl,700-400-250,1e-09,10000,0.1,0.5000000000000001,0.41000000000000003
2866.0315,snn_pattern.csv,193012823,data/smile_data_set/input_700_250_25.pkl,data/smile_data_set/smile95.pkl,700-400-250,1e-09,10000,0.1,0.5000000000000001,0.51
2946.6943,snn_pattern.csv,193012823,data/smile_data_set/input_700_250_25.pkl,data/smile_data_set/smile95.pkl,700-400-250,1e-09,10000,0.1,0.5000000000000001,0.46
2774.078,snn_pattern.csv,193012823,data/smile_data_set/input_700_250_25.pkl,data/smile_data_set/smile95.pkl,700-400-250,1e-09,10000,0.1,0.5000000000000001,0.56
2606.267,snn_pattern.csv,193012823,data/smile_data_set/input_700_250_25.pkl,data/smile_data_set/smile95.pkl,700-400-250,1e-09,10000,0.1,0.5000000000000001,0.66
2688.962,snn_pattern.csv,193012823,data/smile_data_set/input_700_250_25.pkl,data/smile_data_set/smile95.pkl,700-400-250,1e-09,10000,0.1,0.5000000000000001,0.6100000000000001
2364.553,snn_pattern.csv,193012823,data/smile_data_set/input_700_250_25.pkl,data/smile_data_set/smile95.pkl,700-400-250,1e-09,10000,0.1,0.5000000000000001,0.81
2520.0554,snn_pattern.csv,193012823,data/smile_data_set/input_700_250_25.pkl,data/smile_data_set/smile95.pkl,700-400-250,1e-09,10000,0.1,0.5000000000000001,0.7100000000000001
2435.798,snn_pattern.csv,193012823,data/smile_data_set/input_700_250_25.pkl,data/smile_data_set/smile95.pkl,700-400-250,1e-09,10000,0.1,0.5000000000000001,0.76
2323.7327,snn_pattern.csv,193012823,data/smile_data_set/input_700_250_25.pkl,data/smile_data_set/smile95.pkl,700-400-250,1e-09,10000,0.1,0.5000000000000001,0.8600000000000001
2275.8179,snn_pattern.csv,193012823,data/smile_data_set/input_700_250_25.pkl,data/smile_data_set/smile95.pkl,700-400-250,1e-09,10000,0.1,0.5000000000000001,0.9600000000000001
2295.924,snn_pattern.csv,193012823,data/smile_data_set/input_700_250_25.pkl,data/smile_data_set/smile95.pkl,700-400-250,1e-09,10000,0.1,0.5000000000000001,0.91
3594.6333,snn_pattern.csv,193012823,data/smile_data_set/input_700_250_25.pkl,data/smile_data_set/smile95.pkl,700-400-250,1e-09,10000,0.1,0.5500000000000002,0.01
2265.5022,snn_pattern.csv,193012823,data/smile_data_set/input_700_250_25.pkl,data/smile_data_set/smile95.pkl,700-400-250,1e-09,10000,0.1,0.5000000000000001,1.01
3531.7288,snn_pattern.csv,193012823,data/smile_data_set/input_700_250_25.pkl,data/smile_data_set/smile95.pkl,700-400-250,1e-09,10000,0.1,0.5500000000000002,0.11
3572.271,snn_pattern.csv,193012823,data/smile_data_set/input_700_250_25.pkl,data/smile_data_set/smile95.pkl,700-400-250,1e-09,10000,0.1,0.5500000000000002,0.060000000000000005
3511.7986,snn_pattern.csv,193012823,data/smile_data_set/input_700_250_25.pkl,data/smile_data_set/smile95.pkl,700-400-250,1e-09,10000,0.1,0.5500000000000002,0.16000000000000003
3467.524,snn_pattern.csv,193012823,data/smile_data_set/input_700_250_25.pkl,data/smile_data_set/smile95.pkl,700-400-250,1e-09,10000,0.1,0.5500000000000002,0.21000000000000002
